vnd_vendor_id,vnd_vendor_name_normalized,inv_supplier_name,inv_supplier_city,inv_supplier_state,country,vnd_vendor_type,vnd_trade_category,inv_li_epc_category,inv_li_material_type,website,vnd_vendor_code,inv_supplier_email,inv_supplier_gstin,inv_supplier_pan,inv_supplier_phone,vnd_cin,vnd_overall_rating,vnd_quality_rating,vnd_delivery_rating,vnd_safety_rating,vnd_financial_health,vnd_msme_flag,vnd_blacklisted,vnd_approved_vendor,vnd_empanelment_date,vnd_empanelment_expiry,vnd_specialisation,inv_supplier_bank_name,inv_supplier_ifsc_code
00000000-0000-0000-0000-000183cff176,Alfred Miller Contracting,Alfred Miller Contracting,Lake Charles,LA,USA,subcontractor,civil,civil,aggregate,alfredmiller.com,VND-AMC-001,procurement@alfredmiller.com,92-8846089,44-787194-8613,+1-927-436-6746,1183067892,4.3,4.3,4.1,4.6,A,0,0,1,2018-07-01,2027-03-28,Civil — EPC megaprojects,JPMorgan Chase,JPMB1888358
00000000-0000-0000-0000-0000b2a8979c,Bigge,Bigge,San Leandro,CA,USA,supplier,equipment,equipment,equipment,bigge.com,VND-B-002,procurement@bigge.com,81-4428303,79-799044-5635,+1-733-461-7866,1054539030,4.9,4.3,4.4,4.5,A,0,0,1,2014-02-01,2027-11-28,Equipment — EPC megaprojects,Bank of America,JPMB3991735
00000000-0000-0000-0000-00016e6a646b,Cambria County Assoc for Blind & Handicapped,Cambria County Assoc for Blind & Handicapped,Johnstown,PA,USA,supplier,industrial_supply,site_overheads,service,ccabh.org,VND-CCA-003,procurement@ccabh.org,81-2651738,30-804797-2725,+1-802-511-9177,1377955335,4.9,4.2,4.6,4.5,A,0,0,1,2018-07-01,2027-11-28,Industrial Supply — EPC megaprojects,Citibank,JPMB3133172
00000000-0000-0000-0000-000323515a4b,Cimtas,Cimtas,Bursa,BSK,Turkey,subcontractor,piping,civil,pipe,cimtas.com.tr,VND-C-004,procurement@cimtas.com.tr,TR2263571490,44-347997-5435,+1-232-342-4970,1714322942,4.4,4.4,4.2,4.5,A,0,0,1,2008-01-01,2027-10-28,Piping — EPC megaprojects,Deutsche Bank,JPMB7353024
00000000-0000-0000-0000-0002a95f375c,Fagioli,Fagioli,Sant Ilario d Enza,RE,Italy,subcontractor,heavy_lift,subcontract,service,fagioli.com,VND-F-005,procurement@fagioli.com,IT46790852215,69-574884-5914,+1-371-215-8475,2171028084,4.8,5.0,3.9,4.7,A,0,0,1,2018-04-01,2027-10-28,Heavy Lift — EPC megaprojects,HSBC,JPMB2897079
00000000-0000-0000-0000-0001bfb77308,H. E. Hunewill Construction,H. E. Hunewill Construction,Winnemucca,NV,USA,subcontractor,civil,civil,aggregate,hunewill.com,VND-HEH-006,procurement@hunewill.com,82-1015303,82-362584-2737,+1-619-405-6340,2457875267,4.7,4.7,4.6,4.3,A,0,0,1,2010-08-01,2027-06-28,Civil — EPC megaprojects,Bank of America,JPMB4089356
00000000-0000-0000-0000-000012f0f171,Hantech,Hantech,Ulsan,BO,South Korea,supplier,structural_steel,structural_steel,steel,hantech.co.kr,VND-H-007,procurement@hantech.co.kr,KR115855704,78-497191-1946,+1-679-387-9595,1150040527,4.1,4.6,4.8,4.3,A,0,0,1,2021-07-01,2027-05-28,Structural Steel — EPC megaprojects,Bank of America,JPMB6021392
00000000-0000-0000-0000-00001e315dd6,Harris Thermal Transfer Products,Harris Thermal Transfer Products,Newberg,OR,USA,supplier,heat_exchange,mep,equipment,harristhermal.com,VND-HTT-008,procurement@harristhermal.com,98-7439923,18-464538-2889,+1-267-404-8150,1969971133,4.3,4.1,4.6,4.6,A,0,0,1,2009-08-01,2027-02-28,Heat Exchange — EPC megaprojects,JPMorgan Chase,JPMB8704380
00000000-0000-0000-0000-00004b23725c,JAFEC USA,JAFEC USA,San Jose,CA,USA,supplier,filtration,mep,equipment,jafec.com,VND-JU-009,procurement@jafec.com,22-4368132,57-187748-7472,+1-928-498-6786,3104777362,4.5,4.0,5.0,4.7,B,0,0,1,2016-10-01,2027-12-28,Filtration — EPC megaprojects,Bank of America,JPMB5204921
00000000-0000-0000-0000-00025b02a2ad,Legacy Building Solutions,Legacy Building Solutions,South Haven,MN,USA,supplier,structural_steel,structural_steel,steel,legacybuildingsolutions.com,VND-LBS-010,procurement@legacybuildingsolutions.com,33-2739015,32-861995-2299,+1-787-325-5266,3025052379,5.0,4.8,4.4,4.9,A,0,0,1,2019-04-01,2027-08-28,Structural Steel — EPC megaprojects,Wells Fargo,JPMB3794127
00000000-0000-0000-0000-00003ad9348c,Metso,Metso,Helsinki,UUS,Finland,supplier,equipment,equipment,equipment,metso.com,VND-M-011,procurement@metso.com,FI64424321048,92-744756-1903,+1-655-295-6358,2610441042,4.8,4.5,4.9,4.3,A,0,0,1,2012-09-01,2027-08-28,Equipment — EPC megaprojects,HSBC,JPMB3769813
00000000-0000-0000-0000-000074e9a4c5,Nextracker,Nextracker,Fremont,CA,USA,supplier,solar_tracking,equipment,equipment,nextracker.com,VND-N-012,procurement@nextracker.com,46-7362629,46-409875-3930,+1-670-630-3637,2104328254,4.3,4.8,4.8,5.0,B,0,0,1,2013-04-01,2027-10-28,Solar Tracking — EPC megaprojects,JPMorgan Chase,JPMB4056333
00000000-0000-0000-0000-000206e4e650,Pioneer Pipe,Pioneer Pipe,Marietta,OH,USA,supplier,piping,civil,pipe,pioneerpipe.com,VND-PP-013,procurement@pioneerpipe.com,92-8876489,26-857008-3407,+1-292-281-1080,1389991877,4.2,4.5,4.4,4.7,A,0,0,1,2016-03-01,2027-09-28,Piping — EPC megaprojects,Citibank,JPMB9326219
00000000-0000-0000-0000-0000f0d4df67,Veolia,Veolia,Trevose,PA,USA,supplier,water_treatment,mep,service,veolia.com,VND-V-014,procurement@veolia.com,10-5409116,46-411809-9416,+1-620-239-6057,2996418121,4.6,4.4,5.0,4.7,A,0,0,1,2015-03-01,2027-02-28,Water Treatment — EPC megaprojects,JPMorgan Chase,JPMB3750638
00000000-0000-0000-0000-0001476d76de,ArmorWorks,ArmorWorks,Chandler,AZ,USA,supplier,defense_equipment,equipment,equipment,armorworks.com,VND-A-015,procurement@armorworks.com,69-8770091,82-960498-8968,+1-906-827-3556,3070937259,4.3,4.8,4.7,4.9,A,0,0,1,2008-04-01,2027-11-28,Defense Equipment — EPC megaprojects,Deutsche Bank,JPMB9409155
00000000-0000-0000-0000-000365db783d,Baker Hughes,Baker Hughes,Houston,TX,USA,supplier,turbomachinery,equipment,equipment,bakerhughes.com,VND-BH-016,procurement@bakerhughes.com,27-3772408,99-526267-9680,+1-826-257-1068,1215203121,4.9,4.0,4.2,4.5,A,0,0,1,2015-09-01,2027-04-28,Turbomachinery — EPC megaprojects,JPMorgan Chase,JPMB7398115
00000000-0000-0000-0000-000299e399a6,Barton Firtop Engineering Company,Barton Firtop Engineering Company,Worcestershire,WOR,UK,subcontractor,engineering,subcontract,service,bartonfirtop.co.uk,VND-BFE-017,procurement@bartonfirtop.co.uk,GB444070593,56-366378-1083,+1-338-366-9814,1561200307,4.3,4.4,3.9,4.8,A,0,0,1,2016-02-01,2027-12-28,Engineering — EPC megaprojects,Deutsche Bank,JPMB3322784
00000000-0000-0000-0000-0000b13e423a,Dongbang Transport Logistics Co,Dongbang Transport Logistics Co,Incheon,IN,South Korea,subcontractor,logistics,site_overheads,service,dongbang.co.kr,VND-DTL-018,procurement@dongbang.co.kr,KR897532257,52-106774-7022,+1-314-528-6053,2708147507,4.8,5.0,3.9,4.9,A,0,0,1,2014-06-01,2027-12-28,Logistics — EPC megaprojects,HSBC,JPMB5003737
00000000-0000-0000-0000-00016b0cefa9,Vorspann Systems Ltd,Vorspann Systems Ltd,Swindon,SWD,UK,supplier,post_tensioning,structural_steel,rebar,vorspann.co.uk,VND-VSL-019,procurement@vorspann.co.uk,GB580793077,74-839599-9984,+1-313-799-3051,1342669998,5.0,4.5,4.8,5.0,A,0,0,1,2009-05-01,2027-07-28,Post Tensioning — EPC megaprojects,HSBC,JPMB4541544
00000000-0000-0000-0000-000150c094c8,Airgas USA LLC,Airgas USA LLC,Radnor,PA,USA,supplier,industrial_gases,site_overheads,service,airgas.com,VND-AUL-020,procurement@airgas.com,89-8396488,21-809368-9584,+1-262-297-5394,2214876609,4.2,4.9,4.6,4.3,A,1,0,1,2015-08-01,2027-05-28,Industrial Gases — EPC megaprojects,Citibank,JPMB9665023
00000000-0000-0000-0000-000075268f44,Atlantic Projects Company,Atlantic Projects Company,Dublin,L,Ireland,subcontractor,mechanical,mep,equipment,atlanticprojects.com,VND-APC-021,procurement@atlanticprojects.com,GB813298370,17-980188-1094,+1-858-680-1214,3050608217,4.9,4.3,4.2,4.7,A,0,0,1,2013-09-01,2027-11-28,Mechanical — EPC megaprojects,Barclays,JPMB2547329
00000000-0000-0000-0000-0000432a72cd,Bennett Truck Transport LLC,Bennett Truck Transport LLC,McDonough,GA,USA,subcontractor,logistics,site_overheads,service,bennetttruck.com,VND-BTT-022,procurement@bennetttruck.com,88-4021544,86-879339-1059,+1-796-788-5875,1178671048,4.7,4.8,4.5,4.9,A,0,0,1,2008-08-01,2027-10-28,Logistics — EPC megaprojects,Wells Fargo,JPMB9652950
00000000-0000-0000-0000-00009ad08669,Fay an i+iconUSA Company,Fay an i+iconUSA Company,Exton,PA,USA,subcontractor,civil,civil,aggregate,fay.com,VND-FAI-023,procurement@fay.com,75-7586208,36-351023-8243,+1-704-290-2486,2504172399,4.7,4.4,4.6,4.4,B,0,0,1,2011-02-01,2027-07-28,Civil — EPC megaprojects,HSBC,JPMB9695042
00000000-0000-0000-0000-000297e62614,Lindy Paving Inc,Lindy Paving Inc,Pittsburgh,PA,USA,subcontractor,civil,civil,aggregate,lindypaving.com,VND-LPI-024,procurement@lindypaving.com,46-5329712,58-996748-1262,+1-480-262-8514,1550885218,4.3,4.7,4.6,4.8,A,1,0,1,2008-03-01,2027-08-28,Civil — EPC megaprojects,Deutsche Bank,JPMB3066560
00000000-0000-0000-0000-0001fb175247,P&I Supply Company,P&I Supply Company,Deer Park,TX,USA,supplier,industrial_supply,site_overheads,service,pi-supply.com,VND-PSC-025,procurement@pi-supply.com,67-3498209,74-468129-9704,+1-475-413-8638,2970613521,4.9,4.3,4.7,4.7,A,0,0,1,2010-05-01,2027-12-28,Industrial Supply — EPC megaprojects,Wells Fargo,JPMB6777354
00000000-0000-0000-0000-000036134ea3,PGT Trucking Inc,PGT Trucking Inc,Aliquippa,PA,USA,subcontractor,logistics,site_overheads,service,pgttrucking.com,VND-PTI-026,procurement@pgttrucking.com,52-1553976,62-104997-1556,+1-260-985-2307,2719184177,4.0,4.2,3.9,4.4,A,1,0,1,2021-06-01,2027-05-28,Logistics — EPC megaprojects,Wells Fargo,JPMB4687832
00000000-0000-0000-0000-0001628ad3ff,Rotork Controls Inc,Rotork Controls Inc,Bath,SOM,UK,supplier,instrumentation,mep,equipment,rotork.com,VND-RCI-027,procurement@rotork.com,GB412350064,89-247529-6406,+1-333-457-8892,2163100955,4.7,4.1,4.9,4.4,A,1,0,1,2009-08-01,2027-07-28,Instrumentation — EPC megaprojects,HSBC,JPMB3383833
00000000-0000-0000-0000-00007cc41aea,Ellis & Watts Global Industries,Ellis & Watts Global Industries,Cincinnati,OH,USA,supplier,industrial_equipment,equipment,equipment,elliswatts.com,VND-EAW-028,procurement@elliswatts.com,21-5678724,61-332390-1744,+1-946-262-3292,1548325597,4.2,4.7,4.9,4.3,B,0,0,1,2008-09-01,2027-04-28,Industrial Equipment — EPC megaprojects,Wells Fargo,JPMB4815986
00000000-0000-0000-0000-0000d5442ff7,IONEX Research Corporation,IONEX Research Corporation,Richland,WA,USA,supplier,nuclear_equipment,equipment,equipment,ionexresearch.com,VND-IRC-029,procurement@ionexresearch.com,32-7422915,50-945105-5997,+1-906-872-3563,1794329477,4.2,4.9,4.0,4.6,A,0,0,1,2017-02-01,2027-04-28,Nuclear Equipment — EPC megaprojects,Bank of America,JPMB2854007
00000000-0000-0000-0000-00025ab784db,Lasertel Inc,Lasertel Inc,Tucson,AZ,USA,supplier,laser_systems,equipment,equipment,lasertel.com,VND-LI-030,procurement@lasertel.com,97-9342401,23-158733-8236,+1-700-807-1327,1264295434,4.4,4.1,3.9,4.8,A,1,0,1,2017-10-01,2027-07-28,Laser Systems — EPC megaprojects,HSBC,JPMB3913566
00000000-0000-0000-0000-0003702a65ac,Hawthorne Machinery Company,Hawthorne Machinery Company,San Diego,CA,USA,subcontractor,equipment,equipment,equipment,hawthorncat.com,VND-HMC-031,procurement@hawthorncat.com,74-5679397,93-932660-5378,+1-969-900-3727,2367125900,4.4,4.1,4.1,4.2,B,0,0,1,2010-07-01,2027-01-28,Equipment — EPC megaprojects,Barclays,JPMB1597104
00000000-0000-0000-0000-00013a4f4f81,Gutor Electric Inc,Gutor Electric Inc,Wettingen,AG,Switzerland,supplier,electrical,mep,cable,gutor.com,VND-GEI-032,procurement@gutor.com,CH810139405,22-120503-1964,+1-801-441-7407,1881215756,4.6,4.6,4.9,4.3,A,1,0,1,2014-02-01,2027-03-28,Electrical — EPC megaprojects,JPMorgan Chase,JPMB4233632
00000000-0000-0000-0000-0000823e4406,Springs Fabrication Inc,Springs Fabrication Inc,Colorado Springs,CO,USA,supplier,fabrication,civil,steel,springsfabrication.com,VND-SFI-033,procurement@springsfabrication.com,83-9359411,53-859818-8755,+1-963-743-1843,2441145127,4.4,4.4,4.4,5.0,A,1,0,1,2014-04-01,2027-02-28,Fabrication — EPC megaprojects,Barclays,JPMB4826221
00000000-0000-0000-0000-00028af7cac5,Diani Building Corp,Diani Building Corp,Honolulu,HI,USA,subcontractor,civil,civil,aggregate,diani.com,VND-DBC-034,procurement@diani.com,57-3150138,36-604243-6486,+1-344-499-3065,2847148340,4.9,4.8,5.0,4.5,A,0,0,1,2020-02-01,2027-07-28,Civil — EPC megaprojects,Deutsche Bank,JPMB6276516
00000000-0000-0000-0000-00019bcb8ba0,Hartman Walsh Industrial Services,Hartman Walsh Industrial Services,St. Louis,MO,USA,subcontractor,industrial_services,site_overheads,service,hartmanwalsh.com,VND-HWI-035,procurement@hartmanwalsh.com,36-4128566,39-667904-1927,+1-438-735-2068,1633152937,4.5,4.7,4.9,4.9,A,0,0,1,2018-02-01,2027-07-28,Industrial Services — EPC megaprojects,HSBC,JPMB1980597
00000000-0000-0000-0000-0001a526d4ae,BCI Construction USA Inc,BCI Construction USA Inc,Murfreesboro,TN,USA,subcontractor,civil,civil,aggregate,bciconstruction.com,VND-BCU-036,procurement@bciconstruction.com,30-2288580,85-593250-6662,+1-780-515-7799,1751273628,4.1,4.5,3.8,4.3,A,1,0,1,2017-01-01,2027-08-28,Civil — EPC megaprojects,JPMorgan Chase,JPMB4550398
00000000-0000-0000-0000-00013c2dddb4,Air Conditioning Parts & Equipment,Air Conditioning Parts & Equipment,Richland,WA,USA,supplier,hvac,mep,equipment,acpems.com,VND-ACP-037,procurement@acpems.com,45-1384451,97-100876-8632,+1-310-319-1152,1488425892,4.1,4.8,4.3,4.8,A,0,0,1,2019-07-01,2027-05-28,Hvac — EPC megaprojects,Wells Fargo,JPMB9998358
00000000-0000-0000-0000-0001de3bf1da,Performance Contracting Inc,Performance Contracting Inc,Lenexa,KS,USA,subcontractor,industrial_services,site_overheads,service,pcg.com,VND-PCI-038,procurement@pcg.com,81-5881393,37-605398-2237,+1-392-952-8852,2996192730,4.4,5.0,4.6,4.8,A,0,0,1,2009-09-01,2027-12-28,Industrial Services — EPC megaprojects,Barclays,JPMB9368728
00000000-0000-0000-0000-0003021b401a,Faith Technologies Inc,Faith Technologies Inc,Menasha,WI,USA,subcontractor,electrical,mep,cable,faithtechnologies.com,VND-FTI-039,procurement@faithtechnologies.com,56-1734621,60-848886-7029,+1-623-654-6299,1242080829,4.5,4.5,4.9,4.9,A,1,0,1,2020-10-01,2027-10-28,Electrical — EPC megaprojects,Barclays,JPMB8733461
00000000-0000-0000-0000-000183ff584a,Fluid Controls and Components Inc,Fluid Controls and Components Inc,Richland,WA,USA,supplier,valves_piping,mep,pipe,fluidcontrols.net,VND-FCA-040,procurement@fluidcontrols.net,17-8106751,10-330982-6231,+1-845-356-9161,2818155004,4.4,4.7,5.0,4.4,A,0,0,1,2010-02-01,2027-07-28,Valves Piping — EPC megaprojects,Bank of America,JPMB8545904
00000000-0000-0000-0000-0000e7fdc700,Pacific Office Solutions,Pacific Office Solutions,Richland,WA,USA,supplier,office_supplies,site_overheads,service,pacoffice.com,VND-POS-041,procurement@pacoffice.com,17-2714406,82-824064-4787,+1-207-867-9168,1832041996,4.0,4.7,4.5,5.0,A,0,0,1,2021-04-01,2027-06-28,Office Supplies — EPC megaprojects,Citibank,JPMB6494848
00000000-0000-0000-0000-000234e05592,Petersen Inc,Petersen Inc,Ogden,UT,USA,supplier,fabrication,civil,steel,peterseninc.com,VND-PI-042,procurement@peterseninc.com,82-9881101,87-364542-5047,+1-807-655-9681,2131021822,4.1,4.2,3.8,4.5,B,1,0,1,2019-10-01,2027-01-28,Fabrication — EPC megaprojects,Barclays,JPMB1120656
00000000-0000-0000-0000-0001435bcd59,Inland Asphalt Company,Inland Asphalt Company,Richland,WA,USA,subcontractor,civil,civil,aggregate,inlandasphalt.com,VND-IAC-043,procurement@inlandasphalt.com,32-3665775,25-208159-5681,+1-499-431-3586,1147650586,4.5,4.2,4.7,4.3,A,0,0,1,2009-05-01,2027-09-28,Civil — EPC megaprojects,HSBC,JPMB5488519
00000000-0000-0000-0000-00018aea6214,ABB Ltd,ABB Ltd,Zurich,ZH,Switzerland,supplier,electrical,mep,cable,abb.com,VND-AL-044,procurement@abb.com,CH946080340,99-711948-2689,+1-625-764-5697,1856249548,4.6,4.2,4.8,4.4,A,0,0,1,2016-07-01,2027-10-28,Electrical — EPC megaprojects,Bank of America,JPMB5305773
00000000-0000-0000-0000-0000c44d2083,GE Hitachi Nuclear Energy,GE Hitachi Nuclear Energy,Wilmington,NC,USA,supplier,nuclear_equipment,equipment,equipment,gehitachiprods.com,VND-GHN-045,procurement@gehitachiprods.com,14-2087662,49-784133-7251,+1-963-921-7879,2420806534,4.8,4.5,4.2,4.3,A,0,0,1,2019-06-01,2027-09-28,Nuclear Equipment — EPC megaprojects,Barclays,JPMB3720933
00000000-0000-0000-0000-000309abdbd9,Mitsubishi Power,Mitsubishi Power,Houston,TX,USA,supplier,turbomachinery,equipment,equipment,power.mhi.com,VND-MP-046,procurement@power.mhi.com,53-6597418,32-979967-6981,+1-689-457-2199,1056854622,4.8,4.4,4.6,4.4,A,0,0,1,2016-12-01,2027-09-28,Turbomachinery — EPC megaprojects,HSBC,JPMB1050220
00000000-0000-0000-0000-00034c78a672,Honeywell UOP,Honeywell UOP,Des Plaines,IL,USA,supplier,process_systems,mep,equipment,uop.honeywell.com,VND-HU-047,procurement@uop.honeywell.com,25-9388233,15-882462-5979,+1-408-820-4827,1798608313,4.4,4.9,5.0,4.3,B,0,0,1,2016-06-01,2027-04-28,Process Systems — EPC megaprojects,Deutsche Bank,JPMB4489302
00000000-0000-0000-0000-0001121af9d3,Unger Steel Group,Unger Steel Group,Vienna,W,Austria,supplier,structural_steel,structural_steel,steel,ungerstahl.com,VND-USG-048,procurement@ungerstahl.com,CH939137035,20-960725-5473,+1-820-775-7669,3087687269,4.6,4.1,3.9,4.8,B,0,0,1,2017-03-01,2027-04-28,Structural Steel — EPC megaprojects,Citibank,JPMB5583661
00000000-0000-0000-0000-0001caec577a,Anvil International,Anvil International,Tulsa,OK,USA,supplier,piping,civil,pipe,anvilintl.com,VND-AI-049,procurement@anvilintl.com,41-5418609,24-221974-9144,+1-708-835-8846,1196762878,4.4,4.9,3.9,4.5,B,0,0,1,2013-09-01,2027-06-28,Piping — EPC megaprojects,Wells Fargo,JPMB8122486
00000000-0000-0000-0000-0000ba177b51,Nooter Eriksen Inc,Nooter Eriksen Inc,St. Louis,MO,USA,supplier,heat_exchange,mep,equipment,nooter-eriksen.com,VND-NEI-050,procurement@nooter-eriksen.com,84-6371870,14-614439-7864,+1-320-508-7937,1261047870,4.5,4.9,4.6,4.5,A,1,0,1,2017-02-01,2027-03-28,Heat Exchange — EPC megaprojects,Deutsche Bank,JPMB8036229
00000000-0000-0000-0000-0000d11a5a02,Caterpillar Inc,Caterpillar Inc,Irving,TX,USA,supplier,equipment,equipment,equipment,cat.com,VND-CI-051,procurement@cat.com,18-3018155,31-866446-9538,+1-223-518-3500,3074899177,4.6,4.2,4.8,4.6,B,1,0,1,2019-04-01,2027-01-28,Equipment — EPC megaprojects,Wells Fargo,JPMB3480974
00000000-0000-0000-0000-000146300584,Porvair Filtration Group Inc,Porvair Filtration Group Inc,Fareham,HAM,UK,supplier,filtration,mep,equipment,porvairfiltration.com,VND-PFG-052,procurement@porvairfiltration.com,GB781803471,18-688508-9618,+1-918-517-3768,3003044537,5.0,4.8,4.1,4.3,A,0,0,1,2020-08-01,2027-11-28,Filtration — EPC megaprojects,Wells Fargo,JPMB7006159
00000000-0000-0000-0000-0000930044b7,TD Supply Specialists LLC,TD Supply Specialists LLC,Columbus,OH,USA,supplier,specialist_tools,site_overheads,service,tdsupplyspecialists.com,VND-TSS-053,procurement@tdsupplyspecialists.com,75-1216260,74-524049-3546,+1-679-569-3051,2335659282,4.3,4.8,3.9,4.6,B,0,0,1,2020-08-01,2027-03-28,Specialist Tools — EPC megaprojects,Wells Fargo,JPMB3618946
00000000-0000-0000-0000-000283f9d28c,DYNACOM Corporation,DYNACOM Corporation,Reston,VA,USA,subcontractor,it_infrastructure,site_overheads,service,dynacomcorp.com,VND-DC-054,procurement@dynacomcorp.com,15-9745308,65-946036-1943,+1-828-446-9643,2320015195,4.8,4.0,4.2,4.3,A,0,0,1,2014-10-01,2027-07-28,It Infrastructure — EPC megaprojects,Barclays,JPMB9023496
00000000-0000-0000-0000-00037d7d3208,Dashiell Corporation,Dashiell Corporation,Houston,TX,USA,subcontractor,electrical,mep,cable,dashiell.com,VND-DC-055,procurement@dashiell.com,51-9545348,72-465528-6652,+1-342-643-8831,2788455352,4.1,4.9,3.9,4.6,B,0,0,1,2013-09-01,2027-11-28,Electrical — EPC megaprojects,HSBC,JPMB5459686
00000000-0000-0000-0000-000247ad86d7,Inland Valley Construction Co Inc,Inland Valley Construction Co Inc,Perris,CA,USA,subcontractor,civil,civil,aggregate,inlandvalley.com,VND-IVC-056,procurement@inlandvalley.com,75-2574506,38-427025-9657,+1-360-612-5913,1664255409,4.1,4.2,3.8,4.8,A,0,0,1,2017-03-01,2027-02-28,Civil — EPC megaprojects,Deutsche Bank,JPMB2947038
00000000-0000-0000-0000-00015f39ff14,Team Industries Inc,Team Industries Inc,Bagley,MN,USA,supplier,equipment,equipment,equipment,teamindustries.com,VND-TII-057,procurement@teamindustries.com,72-8460498,18-400524-7792,+1-621-492-5806,2333534687,4.1,4.6,4.1,4.6,A,1,0,1,2010-07-01,2027-06-28,Equipment — EPC megaprojects,Deutsche Bank,JPMB4244341
00000000-0000-0000-0000-0000aeccfb0a,Mechanical Dynamics and Analysis LLC,Mechanical Dynamics and Analysis LLC,Houston,TX,USA,subcontractor,mechanical,mep,equipment,mda-llc.com,VND-MDA-058,procurement@mda-llc.com,98-8544711,10-552742-1574,+1-256-642-2124,2214069884,4.6,4.4,4.4,4.3,A,0,0,1,2013-04-01,2027-09-28,Mechanical — EPC megaprojects,Wells Fargo,JPMB5426525
00000000-0000-0000-0000-000248c556fd,Fluor Corporation,Fluor Corporation,Irving,TX,USA,subcontractor,engineering,subcontract,service,fluor.com,VND-FC-059,procurement@fluor.com,61-4589708,37-346715-1130,+1-706-690-4917,3109840230,4.6,4.3,4.0,4.5,A,0,0,1,2018-03-01,2027-07-28,Engineering — EPC megaprojects,Bank of America,JPMB6703452
00000000-0000-0000-0000-00015e12b240,Jacobs Engineering Group,Jacobs Engineering Group,Dallas,TX,USA,subcontractor,engineering,subcontract,service,jacobs.com,VND-JEG-060,procurement@jacobs.com,57-2497854,58-335840-5474,+1-993-734-2784,2753554614,4.0,4.9,4.6,4.4,A,0,0,1,2012-06-01,2027-02-28,Engineering — EPC megaprojects,Citibank,JPMB9006321
00000000-0000-0000-0000-000154b7cbb0,Black & Veatch,Black & Veatch,Overland Park,KS,USA,subcontractor,engineering,subcontract,service,bv.com,VND-BAV-061,procurement@bv.com,41-3054389,27-414096-7522,+1-565-312-9100,1389389169,4.9,5.0,4.3,4.9,B,0,0,1,2011-07-01,2027-03-28,Engineering — EPC megaprojects,HSBC,JPMB8028079
00000000-0000-0000-0000-0002c0416cb0,Zachry Group,Zachry Group,San Antonio,TX,USA,subcontractor,civil,civil,aggregate,zachrygroup.com,VND-ZG-062,procurement@zachrygroup.com,86-3342790,80-521104-8344,+1-812-838-8547,1435637113,4.6,4.9,4.1,4.7,A,0,0,1,2012-02-01,2027-10-28,Civil — EPC megaprojects,Deutsche Bank,JPMB3766745
00000000-0000-0000-0000-000287468248,KBR Inc,KBR Inc,Houston,TX,USA,subcontractor,engineering,subcontract,service,kbr.com,VND-KI-063,procurement@kbr.com,61-4146362,20-754232-6029,+1-428-343-4270,1237590876,5.0,4.3,4.9,4.8,A,1,0,1,2014-10-01,2027-10-28,Engineering — EPC megaprojects,Wells Fargo,JPMB9664841
00000000-0000-0000-0000-0003053adb5a,McDermott International,McDermott International,Houston,TX,USA,subcontractor,offshore,subcontract,service,mcdermott.com,VND-MI-064,procurement@mcdermott.com,43-9586995,84-235030-3938,+1-830-908-6811,2674714476,4.5,4.1,4.5,4.8,A,0,0,1,2017-01-01,2027-07-28,Offshore — EPC megaprojects,Deutsche Bank,JPMB6390531
00000000-0000-0000-0000-0002d863e227,Wood Group PLC,Wood Group PLC,Aberdeen,ABD,UK,subcontractor,engineering,subcontract,service,woodgroup.com,VND-WGP-065,procurement@woodgroup.com,GB384209671,55-765601-3518,+1-280-515-5457,1141455088,4.9,4.4,4.4,4.7,A,0,0,1,2011-07-01,2027-08-28,Engineering — EPC megaprojects,Deutsche Bank,JPMB9292802
00000000-0000-0000-0000-000144e69c37,WorleyParsons,WorleyParsons,Sydney,NSW,Australia,subcontractor,engineering,subcontract,service,worley.com,VND-W-066,procurement@worley.com,GB949500247,79-304465-8231,+1-698-600-9595,2584863948,4.8,4.2,3.9,4.9,B,0,0,1,2011-12-01,2027-05-28,Engineering — EPC megaprojects,Wells Fargo,JPMB8095539
00000000-0000-0000-0000-0002974ed843,AECOM,AECOM,Dallas,TX,USA,subcontractor,civil,civil,aggregate,aecom.com,VND-A-067,procurement@aecom.com,84-6323505,95-480197-1603,+1-246-543-7647,1034253223,4.1,4.7,4.0,4.9,B,0,0,1,2018-07-01,2027-11-28,Civil — EPC megaprojects,Barclays,JPMB2597884
00000000-0000-0000-0000-000201ee9e6c,Saipem,Saipem,San Donato Milanese,MI,Italy,subcontractor,offshore,subcontract,service,saipem.com,VND-S-068,procurement@saipem.com,IT48587056466,62-664276-2875,+1-888-525-3080,2224634431,4.2,4.9,4.0,4.4,A,0,0,1,2019-09-01,2027-08-28,Offshore — EPC megaprojects,JPMorgan Chase,JPMB3459821
00000000-0000-0000-0000-000255dbdb38,TechnipFMC,TechnipFMC,Houston,TX,USA,subcontractor,offshore,subcontract,service,technipfmc.com,VND-T-069,procurement@technipfmc.com,32-4580533,45-215208-2908,+1-707-924-8160,1036928392,4.9,4.6,4.7,4.9,B,0,0,1,2009-10-01,2027-01-28,Offshore — EPC megaprojects,Citibank,JPMB7896489
00000000-0000-0000-0000-00010c8c523e,Chart Industries,Chart Industries,Ball Ground,GA,USA,supplier,lng_equipment,equipment,equipment,chartindustries.com,VND-CI-070,procurement@chartindustries.com,22-6931782,84-241426-8850,+1-846-463-4787,1593818995,4.9,4.2,4.3,4.7,A,0,0,1,2017-06-01,2027-01-28,Lng Equipment — EPC megaprojects,Bank of America,JPMB8264860
00000000-0000-0000-0000-0001f2ce0914,Linde Engineering,Linde Engineering,Munich,BAY,Germany,supplier,lng_equipment,equipment,equipment,linde-engineering.com,VND-LE-071,procurement@linde-engineering.com,DE305721247,29-408044-2646,+1-776-880-6213,1799888789,4.4,4.0,4.7,4.6,A,0,0,1,2008-03-01,2027-05-28,Lng Equipment — EPC megaprojects,Bank of America,JPMB7499150
00000000-0000-0000-0000-0000b9ce6745,CB&I Storage Tank Solutions,CB&I Storage Tank Solutions,The Woodlands,TX,USA,supplier,lng_storage_tanks,structural_steel,steel,cbi.com,VND-CST-072,procurement@cbi.com,21-8926475,39-830259-7477,+1-215-665-9341,1500164109,4.2,4.2,4.1,4.3,A,0,0,1,2020-09-01,2027-12-28,Lng Storage Tanks — EPC megaprojects,HSBC,JPMB5905732
00000000-0000-0000-0000-0000832b0a5d,Air Products and Chemicals,Air Products and Chemicals,Allentown,PA,USA,supplier,industrial_gases,site_overheads,service,airproducts.com,VND-APA-073,procurement@airproducts.com,35-1626212,76-376571-6837,+1-449-836-3075,2599891357,5.0,4.0,3.8,4.5,A,0,0,1,2015-02-01,2027-01-28,Industrial Gases — EPC megaprojects,Bank of America,JPMB6176303
00000000-0000-0000-0000-00021c19ed87,Emerson Electric Co,Emerson Electric Co,St. Louis,MO,USA,supplier,instrumentation,mep,equipment,emerson.com,VND-EEC-074,procurement@emerson.com,95-1013910,98-385121-3581,+1-816-484-8982,1652469924,4.6,4.5,4.2,4.4,B,0,0,1,2013-09-01,2027-11-28,Instrumentation — EPC megaprojects,JPMorgan Chase,JPMB1294695
00000000-0000-0000-0000-00025cf50d17,Siemens Energy,Siemens Energy,Munich,BAY,Germany,supplier,turbomachinery,equipment,equipment,siemens-energy.com,VND-SE-075,procurement@siemens-energy.com,DE552605385,87-128305-1649,+1-754-473-9200,1645930594,4.7,4.6,4.5,4.9,A,0,0,1,2013-01-01,2027-01-28,Turbomachinery — EPC megaprojects,Deutsche Bank,JPMB5119358
00000000-0000-0000-0000-000187e93b6f,CIRCOR International,CIRCOR International,Burlington,MA,USA,supplier,flow_control,mep,equipment,circor.com,VND-CI-076,procurement@circor.com,12-7256420,61-710937-6068,+1-350-614-8610,1815690048,4.7,4.0,4.0,5.0,A,0,0,1,2020-01-01,2027-09-28,Flow Control — EPC megaprojects,HSBC,JPMB5265449
00000000-0000-0000-0000-0001dfb24a88,IDEX Corporation,IDEX Corporation,Lake Forest,IL,USA,supplier,pumps_valves,mep,equipment,idexcorp.com,VND-IC-077,procurement@idexcorp.com,49-8423166,77-510136-4052,+1-499-855-1267,2776450712,4.4,4.6,4.7,4.3,B,0,0,1,2013-02-01,2027-07-28,Pumps Valves — EPC megaprojects,Barclays,JPMB6511269
00000000-0000-0000-0000-000228cb23cc,Flowserve Corporation,Flowserve Corporation,Irving,TX,USA,supplier,pumps_valves,mep,equipment,flowserve.com,VND-FC-078,procurement@flowserve.com,90-3986081,12-205172-5375,+1-660-469-1226,1182573057,4.9,4.7,4.9,4.9,A,0,0,1,2018-06-01,2027-08-28,Pumps Valves — EPC megaprojects,Deutsche Bank,JPMB6891729
00000000-0000-0000-0000-0002d132bc64,Sulzer Ltd,Sulzer Ltd,Winterthur,ZH,Switzerland,supplier,pumps_valves,mep,equipment,sulzer.com,VND-SL-079,procurement@sulzer.com,CH749755268,98-628252-3072,+1-909-975-3829,1791893004,4.5,4.9,3.8,4.3,A,0,0,1,2019-10-01,2027-02-28,Pumps Valves — EPC megaprojects,Citibank,JPMB6473993
00000000-0000-0000-0000-0002364ad4e6,Grundfos,Grundfos,Bjerringbro,MJ,Denmark,supplier,pumps_valves,mep,equipment,grundfos.com,VND-G-080,procurement@grundfos.com,DE74465162876,93-158346-2174,+1-879-949-6526,2861576034,4.8,4.8,4.6,4.9,B,0,0,1,2014-10-01,2027-03-28,Pumps Valves — EPC megaprojects,JPMorgan Chase,JPMB5118537
00000000-0000-0000-0000-0003035cbadb,ITT Inc,ITT Inc,White Plains,NY,USA,supplier,pumps_valves,mep,equipment,itt.com,VND-II-081,procurement@itt.com,73-3785681,63-258669-8881,+1-379-861-4017,1841325101,4.4,4.5,4.5,4.7,A,1,0,1,2012-09-01,2027-04-28,Pumps Valves — EPC megaprojects,Barclays,JPMB5334274
00000000-0000-0000-0000-00018cf95ad1,Vulcan Materials Company,Vulcan Materials Company,Birmingham,AL,USA,supplier,aggregate,civil,aggregate,vulcanmaterials.com,VND-VMC-082,procurement@vulcanmaterials.com,71-3169191,90-245607-6085,+1-227-828-2759,2335043806,4.4,4.1,4.1,4.8,B,0,0,1,2016-07-01,2027-07-28,Aggregate — EPC megaprojects,JPMorgan Chase,JPMB9616867
00000000-0000-0000-0000-000000bf1a5f,Martin Marietta Materials,Martin Marietta Materials,Raleigh,NC,USA,supplier,aggregate,civil,aggregate,martinmarietta.com,VND-MMM-083,procurement@martinmarietta.com,85-1103875,57-989161-7169,+1-279-846-4847,1943072574,4.9,4.7,4.1,4.3,A,0,0,1,2019-12-01,2027-10-28,Aggregate — EPC megaprojects,HSBC,JPMB9341211
00000000-0000-0000-0000-0001a7c2d39e,LaFarge Holcim US,LaFarge Holcim US,Chicago,IL,USA,supplier,cement_concrete,civil,cement,lafargeholcim.com,VND-LHU-084,procurement@lafargeholcim.com,59-5815123,13-547218-8130,+1-735-746-8867,1821391074,4.3,4.8,4.3,4.2,A,0,0,1,2017-03-01,2027-04-28,Cement Concrete — EPC megaprojects,JPMorgan Chase,JPMB5930537
00000000-0000-0000-0000-00004f2d7301,CEMEX USA,CEMEX USA,Houston,TX,USA,supplier,cement_concrete,civil,cement,cemex.com,VND-CU-085,procurement@cemex.com,98-3108980,86-868375-1340,+1-487-752-4644,2708110088,4.4,4.9,4.0,4.4,A,0,0,1,2009-02-01,2027-12-28,Cement Concrete — EPC megaprojects,Deutsche Bank,JPMB8537104
00000000-0000-0000-0000-0002264cd466,US Concrete,US Concrete,Euless,TX,USA,supplier,cement_concrete,civil,cement,us-concrete.com,VND-UC-086,procurement@us-concrete.com,84-5106825,22-529130-3079,+1-959-942-3410,1275903786,4.2,4.9,4.5,4.4,A,0,0,1,2012-03-01,2027-08-28,Cement Concrete — EPC megaprojects,Barclays,JPMB9870006
00000000-0000-0000-0000-0002de99d3df,Ready Mix USA,Ready Mix USA,Birmingham,AL,USA,supplier,cement_concrete,civil,cement,readymixusa.com,VND-RMU-087,procurement@readymixusa.com,83-5123670,67-351113-3266,+1-631-462-5045,2566459571,4.4,4.8,4.0,4.9,A,0,0,1,2021-11-01,2027-09-28,Cement Concrete — EPC megaprojects,Wells Fargo,JPMB8763807
00000000-0000-0000-0000-00014840dec4,Nucor Corporation,Nucor Corporation,Charlotte,NC,USA,supplier,structural_steel,structural_steel,steel,nucor.com,VND-NC-088,procurement@nucor.com,79-7371096,42-239740-7321,+1-387-979-4499,2025965944,4.3,4.7,4.4,4.3,A,0,0,1,2011-08-01,2027-04-28,Structural Steel — EPC megaprojects,Bank of America,JPMB3056472
00000000-0000-0000-0000-000040f1b375,Commercial Metals Company,Commercial Metals Company,Irving,TX,USA,supplier,structural_steel,structural_steel,steel,cmc.com,VND-CMC-089,procurement@cmc.com,88-2493850,47-954563-6868,+1-600-291-5581,1719439074,4.4,4.0,4.6,4.3,A,0,0,1,2020-02-01,2027-07-28,Structural Steel — EPC megaprojects,Deutsche Bank,JPMB7627472
00000000-0000-0000-0000-0000ad2cbf74,Gerdau Ameristeel,Gerdau Ameristeel,Tampa,FL,USA,supplier,structural_steel,structural_steel,steel,gerdau.com,VND-GA-090,procurement@gerdau.com,25-6186361,99-255852-1517,+1-352-416-6545,2595179077,4.6,4.3,3.9,4.9,B,0,0,1,2021-07-01,2027-04-28,Structural Steel — EPC megaprojects,Citibank,JPMB7631679
00000000-0000-0000-0000-0001f9f9c2ed,Chaparral Steel,Chaparral Steel,Midlothian,TX,USA,supplier,structural_steel,structural_steel,steel,chaparralsteel.com,VND-CS-091,procurement@chaparralsteel.com,28-2553583,63-494635-5784,+1-797-220-6681,1976573277,4.7,4.4,4.8,5.0,A,0,0,1,2015-02-01,2027-02-28,Structural Steel — EPC megaprojects,Deutsche Bank,JPMB9180582
00000000-0000-0000-0000-0000931003de,Harris Rebar,Harris Rebar,Wilmington,NC,USA,supplier,rebar,structural_steel,rebar,harrisrebar.com,VND-HR-092,procurement@harrisrebar.com,23-1909054,71-671474-6594,+1-883-206-4100,1583597233,4.8,4.7,3.9,4.8,A,0,0,1,2019-10-01,2027-05-28,Rebar — EPC megaprojects,Deutsche Bank,JPMB8465837
00000000-0000-0000-0000-0000178ee510,Nucor Rebar Fabrication,Nucor Rebar Fabrication,Charlotte,NC,USA,supplier,rebar,structural_steel,rebar,nucorfab.com,VND-NRF-093,procurement@nucorfab.com,75-8171850,60-762960-5746,+1-369-901-4813,2229756558,4.9,4.4,4.4,4.4,B,0,0,1,2012-09-01,2027-08-28,Rebar — EPC megaprojects,Citibank,JPMB9898115
00000000-0000-0000-0000-00022f1d7f72,Pacific Coast Steel,Pacific Coast Steel,Rialto,CA,USA,supplier,rebar,structural_steel,rebar,pacific-coast-steel.com,VND-PCS-094,procurement@pacific-coast-steel.com,63-4378405,34-956702-6254,+1-910-857-1897,3004174004,4.4,4.4,4.1,4.9,A,0,0,1,2017-07-01,2027-09-28,Rebar — EPC megaprojects,Barclays,JPMB6556804
00000000-0000-0000-0000-0000817dc71d,Mueller Water Products,Mueller Water Products,Atlanta,GA,USA,supplier,piping,civil,pipe,muellerwaterproducts.com,VND-MWP-095,procurement@muellerwaterproducts.com,34-5128486,88-857691-3234,+1-893-409-7632,2498290799,4.6,4.8,4.1,4.5,A,0,0,1,2013-03-01,2027-03-28,Piping — EPC megaprojects,HSBC,JPMB5558784
00000000-0000-0000-0000-00017daed59b,Northwest Pipe Company,Northwest Pipe Company,Vancouver,WA,USA,supplier,piping,civil,pipe,nwpipe.com,VND-NPC-096,procurement@nwpipe.com,88-9384944,79-496749-4836,+1-582-822-7783,1764327525,4.3,4.2,4.1,4.5,A,0,0,1,2008-03-01,2027-11-28,Piping — EPC megaprojects,HSBC,JPMB6236158
00000000-0000-0000-0000-0000cadff1fa,Tenaris,Tenaris,Luxembourg,LU,Luxembourg,supplier,piping,civil,pipe,tenaris.com,VND-T-097,procurement@tenaris.com,LU67784189612,62-339158-2385,+1-489-972-2986,1107972646,4.6,4.1,4.2,5.0,B,0,0,1,2010-09-01,2027-02-28,Piping — EPC megaprojects,Barclays,JPMB2336759
00000000-0000-0000-0000-00013785443d,Vallourec,Vallourec,Boulogne-Billancourt,IDF,France,supplier,piping,civil,pipe,vallourec.com,VND-V-098,procurement@vallourec.com,FR43031161361,80-635419-3336,+1-831-822-3999,1812460442,4.8,4.1,3.9,4.9,A,0,0,1,2014-11-01,2027-12-28,Piping — EPC megaprojects,Wells Fargo,JPMB8912490
00000000-0000-0000-0000-0002bcdbf8b4,Salzgitter Mannesmann,Salzgitter Mannesmann,Salzgitter,LS,Germany,supplier,piping,civil,pipe,salzgitter-mannesmann.com,VND-SM-099,procurement@salzgitter-mannesmann.com,DE675619253,82-481036-2751,+1-413-977-2251,2911151419,4.3,4.3,4.3,4.8,A,0,0,1,2013-05-01,2027-01-28,Piping — EPC megaprojects,Wells Fargo,JPMB7643289
00000000-0000-0000-0000-00024c3bb6c5,Meever & Meever,Meever & Meever,Rotterdam,ZH,Netherlands,supplier,piping,civil,pipe,meever.com,VND-MAM-100,procurement@meever.com,NE13008463625,66-545203-7420,+1-770-766-4440,2240303220,4.1,4.5,4.8,4.3,A,0,0,1,2019-02-01,2027-06-28,Piping — EPC megaprojects,Deutsche Bank,JPMB1639208
00000000-0000-0000-0000-00003093bc83,Core & Main,Core & Main,St. Louis,MO,USA,supplier,piping,civil,pipe,coreandmain.com,VND-CAM-101,procurement@coreandmain.com,15-3152452,10-426917-5707,+1-908-289-8518,1918822581,4.7,4.2,4.2,4.8,A,0,0,1,2019-05-01,2027-11-28,Piping — EPC megaprojects,Deutsche Bank,JPMB8552576
00000000-0000-0000-0000-0001c31e445c,Ferguson Enterprises,Ferguson Enterprises,Newport News,VA,USA,supplier,piping,civil,pipe,ferguson.com,VND-FE-102,procurement@ferguson.com,62-8353478,58-415428-9281,+1-303-248-6361,2655847498,4.2,4.6,4.2,5.0,A,0,0,1,2014-02-01,2027-10-28,Piping — EPC megaprojects,Wells Fargo,JPMB3739938
00000000-0000-0000-0000-0001f0d8a89d,Schneider Electric,Schneider Electric,Boston,MA,USA,supplier,electrical,mep,cable,se.com,VND-SE-103,procurement@se.com,92-5823156,37-214011-8810,+1-221-838-9492,2814603424,4.2,4.7,3.8,4.8,B,0,0,1,2013-01-01,2027-01-28,Electrical — EPC megaprojects,Wells Fargo,JPMB5696208
00000000-0000-0000-0000-000234bd98f9,Eaton Corporation,Eaton Corporation,Dublin,L,Ireland,supplier,electrical,mep,cable,eaton.com,VND-EC-104,procurement@eaton.com,GB735461227,47-939327-4853,+1-748-389-8905,2821979012,4.7,4.5,3.9,4.5,A,0,0,1,2015-12-01,2027-09-28,Electrical — EPC megaprojects,Barclays,JPMB7507981
00000000-0000-0000-0000-0000d654116e,Quanta Services,Quanta Services,Houston,TX,USA,subcontractor,electrical,mep,cable,quantaservices.com,VND-QS-105,procurement@quantaservices.com,38-7283526,29-790530-1437,+1-327-845-2899,3096638731,4.8,4.1,4.9,4.6,A,0,0,1,2015-01-01,2027-06-28,Electrical — EPC megaprojects,HSBC,JPMB8909350
00000000-0000-0000-0000-000281396c65,MYR Group,MYR Group,Northbrook,IL,USA,subcontractor,electrical,mep,cable,myrgroup.com,VND-MG-106,procurement@myrgroup.com,22-8255490,43-651251-8656,+1-867-908-3155,2067276727,4.2,4.4,4.7,4.7,B,0,0,1,2017-07-01,2027-01-28,Electrical — EPC megaprojects,Bank of America,JPMB5721695
00000000-0000-0000-0000-000310425145,WESCO International,WESCO International,Pittsburgh,PA,USA,supplier,electrical,mep,cable,wesco.com,VND-WI-107,procurement@wesco.com,77-1237785,28-569075-3010,+1-474-537-7865,2817064764,4.8,4.8,4.2,4.5,A,0,0,1,2011-07-01,2027-05-28,Electrical — EPC megaprojects,HSBC,JPMB7480106
00000000-0000-0000-0000-00032d60c067,Anixter International,Anixter International,Glenview,IL,USA,supplier,electrical,mep,cable,anixter.com,VND-AI-108,procurement@anixter.com,10-6531255,34-159617-6065,+1-311-775-1116,3084351349,4.8,4.4,4.0,4.3,A,0,0,1,2014-08-01,2027-10-28,Electrical — EPC megaprojects,Wells Fargo,JPMB3972555
00000000-0000-0000-0000-000359f61a3b,Rexel Holdings USA,Rexel Holdings USA,Dallas,TX,USA,supplier,electrical,mep,cable,rexel.com,VND-RHU-109,procurement@rexel.com,56-2151580,43-814669-3033,+1-300-576-7881,2458165897,4.1,4.1,4.1,4.5,A,0,0,1,2017-07-01,2027-07-28,Electrical — EPC megaprojects,Citibank,JPMB9250997
00000000-0000-0000-0000-0002bc92b00c,Prysmian Group,Prysmian Group,Milan,MI,Italy,supplier,electrical,mep,cable,prysmiangroup.com,VND-PG-110,procurement@prysmiangroup.com,IT49966313193,11-694932-7778,+1-670-213-5868,2622293896,4.6,5.0,4.9,4.9,B,0,0,1,2015-05-01,2027-12-28,Electrical — EPC megaprojects,Deutsche Bank,JPMB7781153
00000000-0000-0000-0000-0001a3403ece,Nexans,Nexans,Paris,IDF,France,supplier,electrical,mep,cable,nexans.com,VND-N-111,procurement@nexans.com,FR86016992252,65-537698-7676,+1-802-479-7556,1927991781,4.8,4.3,4.8,4.3,B,0,0,1,2012-10-01,2027-05-28,Electrical — EPC megaprojects,Deutsche Bank,JPMB5933238
00000000-0000-0000-0000-000213ab3c9a,Southwire Company,Southwire Company,Carrollton,GA,USA,supplier,electrical,mep,cable,southwire.com,VND-SC-112,procurement@southwire.com,72-3902569,92-874838-6902,+1-460-475-1761,3068848900,4.5,4.4,4.1,4.6,A,0,0,1,2009-02-01,2027-11-28,Electrical — EPC megaprojects,Deutsche Bank,JPMB9997224
00000000-0000-0000-0000-00001af15863,Belden Inc,Belden Inc,St. Louis,MO,USA,supplier,electrical,mep,cable,belden.com,VND-BI-113,procurement@belden.com,23-8684043,54-774917-3388,+1-609-487-7382,2026562242,4.5,4.2,4.1,4.7,A,1,0,1,2018-11-01,2027-01-28,Electrical — EPC megaprojects,Bank of America,JPMB5176768
00000000-0000-0000-0000-00017a54f96e,Phoenix Contact,Phoenix Contact,Blomberg,NRW,Germany,supplier,electrical,mep,cable,phoenixcontact.com,VND-PC-114,procurement@phoenixcontact.com,DE726050547,55-565218-5719,+1-968-931-8503,1356812530,4.4,4.2,4.0,4.5,A,0,0,1,2008-09-01,2027-07-28,Electrical — EPC megaprojects,Citibank,JPMB5451037
00000000-0000-0000-0000-0000ade211a8,Rockwell Automation,Rockwell Automation,Milwaukee,WI,USA,supplier,instrumentation,mep,equipment,rockwellautomation.com,VND-RA-115,procurement@rockwellautomation.com,91-8145616,34-153432-8190,+1-563-342-7787,1212323416,4.7,4.2,5.0,4.7,A,0,0,1,2018-04-01,2027-04-28,Instrumentation — EPC megaprojects,Citibank,JPMB2072097
00000000-0000-0000-0000-0000b8329a26,Yokogawa Electric,Yokogawa Electric,Tokyo,TKO,Japan,supplier,instrumentation,mep,equipment,yokogawa.com,VND-YE-116,procurement@yokogawa.com,JP3935647455,48-574858-4596,+1-653-719-9677,2806301354,4.9,4.0,4.0,4.3,A,0,0,1,2010-10-01,2027-12-28,Instrumentation — EPC megaprojects,Deutsche Bank,JPMB2004767
00000000-0000-0000-0000-000064a086f8,Endress+Hauser,Endress+Hauser,Reinach,BL,Switzerland,supplier,instrumentation,mep,equipment,endress.com,VND-E-117,procurement@endress.com,CH686576497,79-977416-4696,+1-687-739-6183,2736313202,4.7,4.7,4.4,4.3,B,0,0,1,2014-03-01,2027-02-28,Instrumentation — EPC megaprojects,JPMorgan Chase,JPMB8536673
00000000-0000-0000-0000-0003121c4c33,Krohne Group,Krohne Group,Duisburg,NRW,Germany,supplier,instrumentation,mep,equipment,krohne.com,VND-KG-118,procurement@krohne.com,DE857794169,81-506613-2830,+1-908-704-5961,2525628993,4.6,4.2,3.8,5.0,A,0,0,1,2014-10-01,2027-09-28,Instrumentation — EPC megaprojects,HSBC,JPMB8797660
00000000-0000-0000-0000-00020a261f92,Ametek Inc,Ametek Inc,Berwyn,PA,USA,supplier,instrumentation,mep,equipment,ametek.com,VND-AI-119,procurement@ametek.com,28-6307662,33-557886-5131,+1-650-633-9373,1466879657,4.2,4.3,4.8,4.5,A,1,0,1,2013-11-01,2027-08-28,Instrumentation — EPC megaprojects,Bank of America,JPMB8458334
00000000-0000-0000-0000-00007aa61e3f,Grainger,Grainger,Lake Forest,IL,USA,supplier,industrial_supply,site_overheads,service,grainger.com,VND-G-120,procurement@grainger.com,60-2235073,20-658153-8547,+1-410-558-4308,2397955142,4.2,4.3,4.2,4.8,A,0,0,1,2008-05-01,2027-01-28,Industrial Supply — EPC megaprojects,Citibank,JPMB3055037
00000000-0000-0000-0000-0001e333b81e,Fastenal Company,Fastenal Company,Winona,MN,USA,supplier,industrial_supply,site_overheads,service,fastenal.com,VND-FC-121,procurement@fastenal.com,19-5238070,46-812114-8085,+1-204-555-7230,2229518141,4.5,4.4,4.1,4.8,A,0,0,1,2013-08-01,2027-11-28,Industrial Supply — EPC megaprojects,Citibank,JPMB8272948
00000000-0000-0000-0000-0000e1da9a5f,MSC Industrial Direct,MSC Industrial Direct,Melville,NY,USA,supplier,industrial_supply,site_overheads,service,mscdirect.com,VND-MID-122,procurement@mscdirect.com,92-1336517,38-514281-2636,+1-498-516-2093,2691054687,4.2,4.3,4.5,4.3,B,0,0,1,2016-11-01,2027-02-28,Industrial Supply — EPC megaprojects,Bank of America,JPMB9579121
00000000-0000-0000-0000-0000780c53e0,Applied Industrial Technologies,Applied Industrial Technologies,Cleveland,OH,USA,supplier,industrial_supply,site_overheads,service,applied.com,VND-AIT-123,procurement@applied.com,76-8002703,85-724832-9876,+1-696-353-7274,2356445820,4.2,4.1,5.0,4.5,A,0,0,1,2009-09-01,2027-04-28,Industrial Supply — EPC megaprojects,JPMorgan Chase,JPMB3738114
00000000-0000-0000-0000-000185ade085,Motion Industries,Motion Industries,Birmingham,AL,USA,supplier,industrial_supply,site_overheads,service,motionindustries.com,VND-MI-124,procurement@motionindustries.com,34-4600640,85-761747-8565,+1-505-957-1463,2596983977,4.1,4.1,4.6,4.2,A,0,0,1,2010-09-01,2027-06-28,Industrial Supply — EPC megaprojects,Citibank,JPMB9653680
00000000-0000-0000-0000-000346400364,HD Supply,HD Supply,Atlanta,GA,USA,supplier,industrial_supply,site_overheads,service,hdsupply.com,VND-HS-125,procurement@hdsupply.com,27-6242078,19-371740-2714,+1-244-933-4275,1802372291,4.3,4.6,4.0,4.8,A,0,0,1,2021-05-01,2027-04-28,Industrial Supply — EPC megaprojects,Citibank,JPMB4814134
00000000-0000-0000-0000-00027ebe7bd4,Schlumberger SLB,Schlumberger SLB,Houston,TX,USA,supplier,oilfield_services,equipment,service,slb.com,VND-SS-126,procurement@slb.com,36-4877272,39-106764-5141,+1-725-533-5906,2056428440,4.6,4.5,4.2,4.9,A,0,0,1,2019-05-01,2027-12-28,Oilfield Services — EPC megaprojects,Bank of America,JPMB2278940
00000000-0000-0000-0000-00007fdd5459,Halliburton,Halliburton,Houston,TX,USA,supplier,oilfield_services,equipment,service,halliburton.com,VND-H-127,procurement@halliburton.com,25-8841841,48-558783-3072,+1-779-442-8409,2237162286,4.5,4.6,3.8,4.8,A,0,0,1,2019-08-01,2027-09-28,Oilfield Services — EPC megaprojects,Wells Fargo,JPMB3366008
00000000-0000-0000-0000-0002b5951cb2,National Oilwell Varco,National Oilwell Varco,Houston,TX,USA,supplier,drilling_equipment,equipment,equipment,nov.com,VND-NOV-128,procurement@nov.com,24-7084285,96-140414-6713,+1-400-638-2592,2453917525,4.5,4.1,4.3,4.4,A,0,0,1,2019-01-01,2027-08-28,Drilling Equipment — EPC megaprojects,Wells Fargo,JPMB3710818
00000000-0000-0000-0000-00008ed541d7,Harsco Corporation,Harsco Corporation,Camp Hill,PA,USA,supplier,scaffolding,site_overheads,service,harsco.com,VND-HC-129,procurement@harsco.com,24-8845879,38-434385-5586,+1-871-692-5123,1384984521,5.0,4.9,4.8,4.5,A,0,0,1,2009-03-01,2027-03-28,Scaffolding — EPC megaprojects,Deutsche Bank,JPMB8415538
00000000-0000-0000-0000-00021cde8454,Brand Industrial Services,Brand Industrial Services,Kennesaw,GA,USA,subcontractor,scaffolding,site_overheads,service,brandind.com,VND-BIS-130,procurement@brandind.com,31-5946054,10-425644-3221,+1-200-402-8670,1778427240,4.6,4.4,4.0,4.8,B,0,0,1,2016-11-01,2027-04-28,Scaffolding — EPC megaprojects,Deutsche Bank,JPMB9261860
00000000-0000-0000-0000-0001989f505f,Owens Corning,Owens Corning,Toledo,OH,USA,supplier,insulation,site_overheads,service,owenscorning.com,VND-OC-131,procurement@owenscorning.com,44-3701078,20-263561-5729,+1-360-925-2821,1781997022,4.0,4.3,4.3,4.7,A,0,0,1,2017-04-01,2027-12-28,Insulation — EPC megaprojects,Wells Fargo,JPMB9445606
00000000-0000-0000-0000-000029047428,Johns Manville,Johns Manville,Denver,CO,USA,supplier,insulation,site_overheads,service,jm.com,VND-JM-132,procurement@jm.com,12-5270154,26-308248-7651,+1-391-850-9284,3016161189,4.4,4.1,4.9,4.7,A,0,0,1,2009-06-01,2027-05-28,Insulation — EPC megaprojects,JPMorgan Chase,JPMB7183291
00000000-0000-0000-0000-0000d3b15265,PERI Group,PERI Group,Weissenhorn,BAY,Germany,supplier,formwork,site_overheads,service,peri.com,VND-PG-133,procurement@peri.com,DE537438578,40-773363-5382,+1-758-714-9409,2923025713,4.8,4.6,4.2,4.9,A,0,0,1,2012-10-01,2027-04-28,Formwork — EPC megaprojects,Bank of America,JPMB7242296
00000000-0000-0000-0000-000110e7fa02,Doka Group,Doka Group,Amstetten,NOE,Austria,supplier,formwork,site_overheads,service,doka.com,VND-DG-134,procurement@doka.com,CH900934334,14-786510-1344,+1-443-368-2594,2270587527,4.7,4.9,3.8,4.6,A,0,0,1,2020-07-01,2027-03-28,Formwork — EPC megaprojects,Barclays,JPMB9895361
00000000-0000-0000-0000-00005e416120,Thyssenkrupp Industrial Solutions,Thyssenkrupp Industrial Solutions,Essen,NRW,Germany,supplier,mining_equipment,equipment,equipment,thyssenkrupp-industrial-solutions.com,VND-TIS-135,procurement@thyssenkrupp-industrial-solutions.com,DE678338135,30-106144-4326,+1-943-845-2892,1234648266,4.3,4.4,4.5,4.9,B,0,0,1,2015-08-01,2027-06-28,Mining Equipment — EPC megaprojects,Bank of America,JPMB3666199
00000000-0000-0000-0000-000119e8ce45,FLSmidth,FLSmidth,Copenhagen,KBH,Denmark,supplier,mining_equipment,equipment,equipment,flsmidth.com,VND-F-136,procurement@flsmidth.com,DE79178653761,66-764979-6140,+1-946-662-8576,2486506207,4.2,4.1,3.9,4.7,A,0,0,1,2013-04-01,2027-08-28,Mining Equipment — EPC megaprojects,HSBC,JPMB2005403
00000000-0000-0000-0000-000265080008,Weir Group,Weir Group,Glasgow,GLA,UK,supplier,mining_equipment,equipment,equipment,global.weir,VND-WG-137,procurement@global.weir,GB285686476,32-579672-8305,+1-740-973-2757,1635423696,4.3,4.1,4.0,4.7,B,0,0,1,2012-09-01,2027-12-28,Mining Equipment — EPC megaprojects,Citibank,JPMB5694176
00000000-0000-0000-0000-000216c37d2e,Sandvik Mining,Sandvik Mining,Stockholm,AB,Sweden,supplier,mining_equipment,equipment,equipment,home.sandvik,VND-SM-138,procurement@home.sandvik,SW22755887324,15-192130-7803,+1-616-443-9903,3002378624,4.8,4.3,4.6,4.9,A,0,0,1,2018-12-01,2027-12-28,Mining Equipment — EPC megaprojects,Citibank,JPMB4585976
00000000-0000-0000-0000-000305678b52,Epiroc,Epiroc,Orebro,T,Sweden,supplier,mining_equipment,equipment,equipment,epiroc.com,VND-E-139,procurement@epiroc.com,SW45770640371,85-653406-8678,+1-900-780-1284,2129870024,4.7,4.8,4.2,4.4,A,0,0,1,2009-08-01,2027-06-28,Mining Equipment — EPC megaprojects,Wells Fargo,JPMB8405308
00000000-0000-0000-0000-00024bdacc1e,Komatsu Mining Corp,Komatsu Mining Corp,Milwaukee,WI,USA,supplier,mining_equipment,equipment,equipment,mining.komatsu,VND-KMC-140,procurement@mining.komatsu,42-4760501,12-537842-4345,+1-794-326-8994,2771744440,4.4,4.5,4.3,4.7,A,0,0,1,2019-02-01,2027-01-28,Mining Equipment — EPC megaprojects,HSBC,JPMB2240800
00000000-0000-0000-0000-0001898b323c,Liebherr Mining Equipment,Liebherr Mining Equipment,Newport News,VA,USA,supplier,equipment,equipment,equipment,liebherr.com,VND-LME-141,procurement@liebherr.com,43-5842228,73-124036-5461,+1-892-805-9361,2994571698,4.9,4.2,4.5,4.3,A,0,0,1,2020-08-01,2027-03-28,Equipment — EPC megaprojects,Bank of America,JPMB6799938
00000000-0000-0000-0000-0002011b999e,Mammoet,Mammoet,Schiedam,ZH,Netherlands,subcontractor,heavy_lift,subcontract,service,mammoet.com,VND-M-142,procurement@mammoet.com,NE54170258938,10-488658-6062,+1-274-593-5015,1015767612,4.4,4.9,4.9,4.7,A,0,0,1,2017-10-01,2027-06-28,Heavy Lift — EPC megaprojects,JPMorgan Chase,JPMB9183458
00000000-0000-0000-0000-00021a6ee8a2,Sarens,Sarens,Wolvertem,VBR,Belgium,subcontractor,heavy_lift,subcontract,service,sarens.com,VND-S-143,procurement@sarens.com,BE47087080752,10-887246-6665,+1-275-752-4224,1055319521,4.7,4.2,4.6,4.6,B,0,0,1,2017-12-01,2027-04-28,Heavy Lift — EPC megaprojects,Wells Fargo,JPMB3294001
00000000-0000-0000-0000-000217b3adcf,ALE Heavy Lift,ALE Heavy Lift,Evesham,WOR,UK,subcontractor,heavy_lift,subcontract,service,ale.uk.com,VND-AHL-144,procurement@ale.uk.com,GB629713900,27-640857-1176,+1-490-721-2276,1412410024,4.6,4.4,4.8,4.8,B,0,0,1,2021-06-01,2027-01-28,Heavy Lift — EPC megaprojects,Barclays,JPMB9894073
00000000-0000-0000-0000-0002ce26b57f,ALL Crane Rental,ALL Crane Rental,Cleveland,OH,USA,subcontractor,heavy_lift,subcontract,service,allcrane.com,VND-ACR-145,procurement@allcrane.com,74-6397678,66-525417-3463,+1-809-645-2338,1302473091,4.2,4.4,4.8,4.6,B,0,0,1,2010-08-01,2027-08-28,Heavy Lift — EPC megaprojects,Citibank,JPMB1274055
00000000-0000-0000-0000-00035db5a6d5,TNT Crane & Rigging,TNT Crane & Rigging,Houston,TX,USA,subcontractor,heavy_lift,subcontract,service,tntcrane.com,VND-TCA-146,procurement@tntcrane.com,51-3351992,63-798243-6676,+1-988-256-5072,3005664004,4.3,4.4,4.7,4.7,A,0,0,1,2019-12-01,2027-06-28,Heavy Lift — EPC megaprojects,JPMorgan Chase,JPMB4154676
00000000-0000-0000-0000-0000ea071ece,MISTRAS Group,MISTRAS Group,Princeton Junction,NJ,USA,supplier,inspection_ndt,site_overheads,service,mistrasgroup.com,VND-MG-147,procurement@mistrasgroup.com,57-9029655,47-305026-1954,+1-206-313-7584,1916745589,4.7,4.6,4.6,5.0,A,0,0,1,2009-08-01,2027-02-28,Inspection Ndt — EPC megaprojects,Wells Fargo,JPMB5580848
00000000-0000-0000-0000-000232ec840d,Team Inc,Team Inc,Sugar Land,TX,USA,supplier,inspection_ndt,site_overheads,service,teaminc.com,VND-TI-148,procurement@teaminc.com,24-1026463,85-185099-5034,+1-831-526-9024,1336820709,4.0,4.4,3.9,4.9,A,1,0,1,2018-04-01,2027-07-28,Inspection Ndt — EPC megaprojects,Deutsche Bank,JPMB1401727
00000000-0000-0000-0000-00031d71f2c8,Bureau Veritas,Bureau Veritas,Houston,TX,USA,supplier,inspection_ndt,site_overheads,service,bureauveritas.com,VND-BV-149,procurement@bureauveritas.com,56-7272546,45-672696-6942,+1-773-673-4583,1443751845,4.4,4.7,3.9,4.3,B,0,0,1,2009-07-01,2027-11-28,Inspection Ndt — EPC megaprojects,Citibank,JPMB3518703
00000000-0000-0000-0000-0001a8a235a7,SGS SA,SGS SA,Geneva,GE,Switzerland,supplier,inspection_ndt,site_overheads,service,sgs.com,VND-SS-150,procurement@sgs.com,CH273325122,53-838593-5088,+1-683-479-7761,1184319701,4.3,4.0,4.7,4.3,A,0,0,1,2017-10-01,2027-11-28,Inspection Ndt — EPC megaprojects,Citibank,JPMB9512208
00000000-0000-0000-0000-00002d429486,Intertek Group,Intertek Group,London,LDN,UK,supplier,inspection_ndt,site_overheads,service,intertek.com,VND-IG-151,procurement@intertek.com,GB522871717,43-576874-3892,+1-785-649-2154,2867673923,4.4,4.9,4.4,4.4,A,0,0,1,2019-07-01,2027-12-28,Inspection Ndt — EPC megaprojects,Wells Fargo,JPMB7402408
00000000-0000-0000-0000-00018fb42cb2,TUV Rheinland,TUV Rheinland,Cologne,NRW,Germany,supplier,inspection_ndt,site_overheads,service,tuv.com,VND-TR-152,procurement@tuv.com,DE914860950,39-488158-3731,+1-725-574-9220,1940807387,4.5,4.1,4.7,4.5,A,0,0,1,2014-05-01,2027-06-28,Inspection Ndt — EPC megaprojects,Bank of America,JPMB2616343
00000000-0000-0000-0000-00020c83feac,Lloyd's Register Group,Lloyd's Register Group,London,LDN,UK,supplier,inspection_ndt,site_overheads,service,lr.org,VND-LRG-153,procurement@lr.org,GB617217909,71-830228-5244,+1-759-237-9894,2114056896,4.2,4.0,4.8,4.8,A,0,0,1,2010-07-01,2027-01-28,Inspection Ndt — EPC megaprojects,HSBC,JPMB3720683
00000000-0000-0000-0000-0001b19f26f5,DNV GL,DNV GL,Baerum,VF,Norway,supplier,inspection_ndt,site_overheads,service,dnvgl.com,VND-DG-154,procurement@dnvgl.com,NO165444135,75-780675-9996,+1-268-223-4392,1722399942,4.2,4.8,4.0,4.5,B,0,0,1,2016-10-01,2027-08-28,Inspection Ndt — EPC megaprojects,Deutsche Bank,JPMB8176475
00000000-0000-0000-0000-0002ce5dcb37,MSA Safety,MSA Safety,Cranberry Township,PA,USA,supplier,safety_equipment,site_overheads,service,msasafety.com,VND-MS-155,procurement@msasafety.com,89-2136321,88-141137-3119,+1-727-416-2436,2915019709,4.1,4.5,4.1,4.8,A,0,0,1,2012-02-01,2027-02-28,Safety Equipment — EPC megaprojects,Bank of America,JPMB2560269
00000000-0000-0000-0000-00011f63b90e,Honeywell Safety Products,Honeywell Safety Products,Smithfield,RI,USA,supplier,safety_equipment,site_overheads,service,honeywellsafety.com,VND-HSP-156,procurement@honeywellsafety.com,22-8800504,53-399490-1371,+1-536-568-5658,2713553709,4.2,4.9,4.8,4.2,A,0,0,1,2008-03-01,2027-08-28,Safety Equipment — EPC megaprojects,Citibank,JPMB8246870
00000000-0000-0000-0000-00016f2dff93,3M Company,3M Company,St. Paul,MN,USA,supplier,safety_equipment,site_overheads,service,3m.com,VND-3C-157,procurement@3m.com,47-4627638,65-836117-4374,+1-476-442-2234,1750362888,4.8,4.5,3.9,4.7,A,0,0,1,2012-01-01,2027-08-28,Safety Equipment — EPC megaprojects,Deutsche Bank,JPMB5410133
00000000-0000-0000-0000-000206d734fb,DuPont Personal Protection,DuPont Personal Protection,Wilmington,DE,USA,supplier,safety_equipment,site_overheads,service,dupont.com,VND-DPP-158,procurement@dupont.com,48-2268949,77-728813-8878,+1-489-862-2921,2611773549,4.1,4.5,4.4,4.7,B,0,0,1,2011-08-01,2027-10-28,Safety Equipment — EPC megaprojects,Deutsche Bank,JPMB3450367
00000000-0000-0000-0000-0000cf267b79,Clean Harbors,Clean Harbors,Norwell,MA,USA,subcontractor,safety_environment,site_overheads,service,cleanharbors.com,VND-CH-159,procurement@cleanharbors.com,84-8297991,32-686527-8644,+1-849-607-2248,2363953394,4.0,4.2,4.9,4.4,A,0,0,1,2016-05-01,2027-05-28,Safety Environment — EPC megaprojects,Wells Fargo,JPMB4420258
00000000-0000-0000-0000-00030ad3f5f2,Safety-Kleen,Safety-Kleen,Richardson,TX,USA,supplier,safety_environment,site_overheads,service,safety-kleen.com,VND-S-160,procurement@safety-kleen.com,72-5270208,59-152158-1452,+1-593-744-7299,2835790639,4.5,4.4,4.9,4.8,A,0,0,1,2013-08-01,2027-12-28,Safety Environment — EPC megaprojects,Bank of America,JPMB8464379
00000000-0000-0000-0000-0002eff8582e,Johnson Controls,Johnson Controls,Cork,L,Ireland,supplier,hvac,mep,equipment,johnsoncontrols.com,VND-JC-161,procurement@johnsoncontrols.com,GB164108824,26-580674-3819,+1-376-753-5352,2316612239,4.5,4.9,4.5,4.9,A,0,0,1,2008-02-01,2027-08-28,Hvac — EPC megaprojects,Barclays,JPMB6332239
00000000-0000-0000-0000-000127cbb2a2,Carrier Global,Carrier Global,Palm Beach Gardens,FL,USA,supplier,hvac,mep,equipment,carrier.com,VND-CG-162,procurement@carrier.com,84-1651842,41-746894-1467,+1-389-226-5124,2209601433,4.3,4.7,4.9,4.6,A,0,0,1,2019-02-01,2027-03-28,Hvac — EPC megaprojects,Citibank,JPMB9890650
00000000-0000-0000-0000-00010cb3cc15,Trane Technologies,Trane Technologies,Dublin,L,Ireland,supplier,hvac,mep,equipment,tranetechnologies.com,VND-TT-163,procurement@tranetechnologies.com,GB835431109,68-611011-8062,+1-900-597-8641,1250555863,4.1,4.5,3.9,4.6,A,0,0,1,2009-06-01,2027-06-28,Hvac — EPC megaprojects,Citibank,JPMB2477882
00000000-0000-0000-0000-000185876a48,Parsons Corporation,Parsons Corporation,Chantilly,VA,USA,subcontractor,engineering,subcontract,service,parsons.com,VND-PC-164,procurement@parsons.com,73-2711667,77-401656-5002,+1-596-250-7883,1444444364,4.5,4.1,4.5,4.5,A,0,0,1,2021-08-01,2027-12-28,Engineering — EPC megaprojects,JPMorgan Chase,JPMB1774454
00000000-0000-0000-0000-000075a6bc34,WSP Global,WSP Global,Montreal,QC,Canada,subcontractor,engineering,subcontract,service,wsp.com,VND-WG-165,procurement@wsp.com,CA999096142,38-380204-3567,+1-290-534-3725,3108372124,4.7,4.9,4.1,4.5,A,0,0,1,2018-07-01,2027-12-28,Engineering — EPC megaprojects,Deutsche Bank,JPMB5600065
00000000-0000-0000-0000-0000da41d9b1,SNC-Lavalin,SNC-Lavalin,Montreal,QC,Canada,subcontractor,engineering,subcontract,service,snclavalin.com,VND-S-166,procurement@snclavalin.com,CA600426642,46-306951-1061,+1-753-817-6594,1701202576,4.2,4.7,4.2,4.4,A,0,0,1,2009-04-01,2027-01-28,Engineering — EPC megaprojects,Barclays,JPMB9814274
00000000-0000-0000-0000-00003353fa24,Strabag SE,Strabag SE,Vienna,W,Austria,subcontractor,civil,civil,aggregate,strabag.com,VND-SS-167,procurement@strabag.com,CH227662354,15-720220-6960,+1-258-586-7068,1712994925,4.2,4.8,4.6,4.4,A,0,0,1,2010-07-01,2027-10-28,Civil — EPC megaprojects,Citibank,JPMB6400994
00000000-0000-0000-0000-0001158d87f5,Hochtief AG,Hochtief AG,Essen,NRW,Germany,subcontractor,civil,civil,aggregate,hochtief.com,VND-HA-168,procurement@hochtief.com,DE553767671,31-223459-8393,+1-957-308-4804,1195719851,4.9,4.5,5.0,4.5,A,0,0,1,2019-06-01,2027-09-28,Civil — EPC megaprojects,Barclays,JPMB8470210
00000000-0000-0000-0000-00013441299a,Skanska AB,Skanska AB,Stockholm,AB,Sweden,subcontractor,civil,civil,aggregate,skanska.com,VND-SA-169,procurement@skanska.com,SW22793819673,98-907574-2909,+1-519-631-6468,1235792388,4.6,4.1,4.3,4.9,A,0,0,1,2018-06-01,2027-06-28,Civil — EPC megaprojects,JPMorgan Chase,JPMB4227631
00000000-0000-0000-0000-00010aaf70f5,Balfour Beatty,Balfour Beatty,London,LDN,UK,subcontractor,civil,civil,aggregate,balfourbeatty.com,VND-BB-170,procurement@balfourbeatty.com,GB793347134,73-276739-2670,+1-733-981-8778,1185055152,5.0,4.1,4.3,4.3,B,0,0,1,2019-05-01,2027-08-28,Civil — EPC megaprojects,Deutsche Bank,JPMB3682040
00000000-0000-0000-0000-00027d899361,Ferrovial Construction,Ferrovial Construction,Madrid,M,Spain,subcontractor,civil,civil,aggregate,ferrovial.com,VND-FC-171,procurement@ferrovial.com,SP93207827399,88-814679-3183,+1-248-460-8696,2186696349,4.9,4.5,4.9,4.8,A,0,0,1,2012-03-01,2027-08-28,Civil — EPC megaprojects,Barclays,JPMB8548199
00000000-0000-0000-0000-0000326895a8,Vinci Construction,Vinci Construction,Rueil-Malmaison,IDF,France,subcontractor,civil,civil,aggregate,vinci-construction.com,VND-VC-172,procurement@vinci-construction.com,FR16153842744,55-316408-3271,+1-754-618-6811,2055716112,4.8,4.2,4.0,4.9,B,0,0,1,2015-08-01,2027-03-28,Civil — EPC megaprojects,Barclays,JPMB4331413
00000000-0000-0000-0000-0001e4d83886,Bouygues Construction,Bouygues Construction,Guyancourt,IDF,France,subcontractor,civil,civil,aggregate,bouygues-construction.com,VND-BC-173,procurement@bouygues-construction.com,FR58845018364,78-248970-4288,+1-383-298-3742,1111098817,4.2,4.3,4.6,4.8,B,0,0,1,2021-03-01,2027-02-28,Civil — EPC megaprojects,JPMorgan Chase,JPMB3757769
00000000-0000-0000-0000-000072c38657,Samsung Engineering,Samsung Engineering,Seoul,HS,South Korea,subcontractor,engineering,subcontract,service,samsungengineering.com,VND-SE-174,procurement@samsungengineering.com,KR967307142,56-659505-7875,+1-731-817-3871,3026632377,4.1,4.6,4.4,4.9,B,0,0,1,2015-10-01,2027-12-28,Engineering — EPC megaprojects,Barclays,JPMB4776300
00000000-0000-0000-0000-00017d79db7d,Hyundai Engineering,Hyundai Engineering,Seoul,HS,South Korea,subcontractor,engineering,subcontract,service,hdec.co.kr,VND-HE-175,procurement@hdec.co.kr,KR177552113,69-900763-1234,+1-624-620-2800,1433355779,4.3,4.4,4.3,5.0,A,0,0,1,2018-04-01,2027-11-28,Engineering — EPC megaprojects,Deutsche Bank,JPMB1381421
00000000-0000-0000-0000-0002bfede15d,GS Engineering & Construction,GS Engineering & Construction,Seoul,HS,South Korea,subcontractor,civil,civil,aggregate,gsenc.com,VND-GEA-176,procurement@gsenc.com,KR586646964,60-638939-7494,+1-666-411-8894,1712836315,4.1,4.3,4.5,4.6,A,0,0,1,2012-02-01,2027-01-28,Civil — EPC megaprojects,HSBC,JPMB1094752
00000000-0000-0000-0000-0002539316b9,Matrix Service Company,Matrix Service Company,Tulsa,OK,USA,subcontractor,industrial_services,site_overheads,service,matrixservice.com,VND-MSC-177,procurement@matrixservice.com,63-3476244,97-140447-3505,+1-933-988-4261,1179623633,5.0,4.4,4.9,4.6,A,0,0,1,2011-03-01,2027-02-28,Industrial Services — EPC megaprojects,Bank of America,JPMB4555693
00000000-0000-0000-0000-00027f42ed49,Turner Industries Group,Turner Industries Group,Baton Rouge,LA,USA,subcontractor,mechanical,mep,equipment,turner-industries.com,VND-TIG-178,procurement@turner-industries.com,43-5801620,26-446735-8736,+1-769-527-8274,1947172873,4.2,4.6,4.7,4.8,B,0,0,1,2008-07-01,2027-01-28,Mechanical — EPC megaprojects,Citibank,JPMB3602006
00000000-0000-0000-0000-00015257b596,Fugro NV,Fugro NV,Leidschendam,ZH,Netherlands,supplier,geotechnical,civil,service,fugro.com,VND-FN-179,procurement@fugro.com,NE69306411786,40-121018-6200,+1-414-434-7658,2983838589,5.0,4.6,3.9,4.3,A,0,0,1,2014-10-01,2027-03-28,Geotechnical — EPC megaprojects,JPMorgan Chase,JPMB4504153
00000000-0000-0000-0000-00020d7b4c7a,Arcadis NV,Arcadis NV,Amsterdam,NH,Netherlands,subcontractor,engineering,subcontract,service,arcadis.com,VND-AN-180,procurement@arcadis.com,NE28351779136,12-445558-5803,+1-209-561-1934,2735351732,4.8,4.1,4.8,4.7,B,0,0,1,2009-08-01,2027-06-28,Engineering — EPC megaprojects,JPMorgan Chase,JPMB1069699
00000000-0000-0000-0000-00031fa8bac8,Tetra Tech Inc,Tetra Tech Inc,Pasadena,CA,USA,subcontractor,engineering,subcontract,service,tetratech.com,VND-TTI-181,procurement@tetratech.com,72-1923520,48-579064-1046,+1-378-730-5071,1752504785,4.5,4.3,4.0,4.4,A,1,0,1,2011-11-01,2027-10-28,Engineering — EPC megaprojects,Deutsche Bank,JPMB5033239
00000000-0000-0000-0000-0003346237f1,Ramboll Group,Ramboll Group,Copenhagen,KBH,Denmark,subcontractor,engineering,subcontract,service,ramboll.com,VND-RG-182,procurement@ramboll.com,DE94515105052,63-750567-3722,+1-206-650-7481,2520359260,4.1,4.6,4.3,4.5,A,0,0,1,2021-06-01,2027-04-28,Engineering — EPC megaprojects,JPMorgan Chase,JPMB9162105
00000000-0000-0000-0000-00009c51f1b5,Atkins Global,Atkins Global,Epsom,SRY,UK,subcontractor,engineering,subcontract,service,atkinsglobal.com,VND-AG-183,procurement@atkinsglobal.com,GB785770885,13-359427-9287,+1-540-677-4595,2710488032,4.0,4.2,4.6,4.9,A,0,0,1,2018-03-01,2027-06-28,Engineering — EPC megaprojects,JPMorgan Chase,JPMB6522087
00000000-0000-0000-0000-0000efe59dc2,Schwing-Stetter,Schwing-Stetter,Bad Schwartau,SH,Germany,supplier,concrete_equipment,equipment,equipment,schwing.com,VND-S-184,procurement@schwing.com,DE587624836,60-871822-9258,+1-832-223-6330,1907783500,4.2,4.3,4.8,4.9,A,0,0,1,2012-10-01,2027-02-28,Concrete Equipment — EPC megaprojects,Barclays,JPMB1051299
00000000-0000-0000-0000-000312fa58bd,Putzmeister,Putzmeister,Aichtal,BW,Germany,supplier,concrete_equipment,equipment,equipment,putzmeister.com,VND-P-185,procurement@putzmeister.com,DE274467304,48-785499-4015,+1-539-445-9703,2348420490,4.5,4.6,4.9,4.9,A,0,0,1,2013-08-01,2027-06-28,Concrete Equipment — EPC megaprojects,Deutsche Bank,JPMB2430715
00000000-0000-0000-0000-000329ae6252,ATCO Structures,ATCO Structures,Calgary,AB,Canada,supplier,modular_buildings,site_overheads,service,atco.com,VND-AS-186,procurement@atco.com,CA683142843,36-299454-5050,+1-722-979-7039,1280264755,4.2,4.5,4.5,4.5,A,0,0,1,2011-01-01,2027-12-28,Modular Buildings — EPC megaprojects,Wells Fargo,JPMB3189562
00000000-0000-0000-0000-0002d36cb390,Module X Solutions,Module X Solutions,Houston,TX,USA,subcontractor,modular_fabrication,subcontract,service,modulexsolutions.com,VND-MXS-187,procurement@modulexsolutions.com,70-5644178,55-564432-8106,+1-780-379-5853,2414954091,4.4,4.9,4.4,4.8,B,0,0,1,2021-10-01,2027-04-28,Modular Fabrication — EPC megaprojects,Wells Fargo,JPMB7620195
00000000-0000-0000-0000-0002e138c0af,Thermon Group,Thermon Group,San Marcos,TX,USA,supplier,heat_tracing,mep,cable,thermon.com,VND-TG-188,procurement@thermon.com,86-8742601,13-332505-1651,+1-436-422-3454,1340693268,4.1,4.9,4.6,4.3,A,0,0,1,2019-06-01,2027-01-28,Heat Tracing — EPC megaprojects,HSBC,JPMB8941763
00000000-0000-0000-0000-000338248474,Voith Group,Voith Group,Heidenheim,BW,Germany,supplier,mechanical,mep,equipment,voith.com,VND-VG-189,procurement@voith.com,DE654414113,69-759884-1122,+1-653-617-4565,1553149358,4.8,4.9,3.8,4.8,A,0,0,1,2019-08-01,2027-01-28,Mechanical — EPC megaprojects,Bank of America,JPMB6975669
00000000-0000-0000-0000-000188a2f7b3,SPX Flow,SPX Flow,Charlotte,NC,USA,supplier,flow_control,mep,equipment,spxflow.com,VND-SF-190,procurement@spxflow.com,27-2665263,26-649845-7311,+1-727-510-7761,1109231327,4.7,4.5,4.3,4.9,A,0,0,1,2015-09-01,2027-07-28,Flow Control — EPC megaprojects,Wells Fargo,JPMB1942184
00000000-0000-0000-0000-000007fe252c,Roper Technologies,Roper Technologies,Sarasota,FL,USA,supplier,instrumentation,mep,equipment,ropertech.com,VND-RT-191,procurement@ropertech.com,76-3478397,23-356596-1401,+1-512-772-2091,2874853435,4.1,4.9,3.9,4.4,A,0,0,1,2016-08-01,2027-09-28,Instrumentation — EPC megaprojects,Deutsche Bank,JPMB8772527
00000000-0000-0000-0000-0000e202442c,Danaher Corporation,Danaher Corporation,Washington,DC,USA,supplier,instrumentation,mep,equipment,danaher.com,VND-DC-192,procurement@danaher.com,16-5736615,92-885620-6196,+1-304-789-5535,2465526690,4.1,4.7,3.8,4.4,A,0,0,1,2009-04-01,2027-01-28,Instrumentation — EPC megaprojects,JPMorgan Chase,JPMB8158163
00000000-0000-0000-0000-000376054750,Weidmuller Interface,Weidmuller Interface,Detmold,NRW,Germany,supplier,electrical,mep,cable,weidmuller.com,VND-WI-193,procurement@weidmuller.com,DE111765592,41-565616-1913,+1-588-723-4068,2227398458,4.5,4.5,4.5,5.0,A,0,0,1,2020-03-01,2027-02-28,Electrical — EPC megaprojects,Wells Fargo,JPMB5130294
00000000-0000-0000-0000-00013755c34c,General Cable,General Cable,Highland Heights,KY,USA,supplier,electrical,mep,cable,generalcable.com,VND-GC-194,procurement@generalcable.com,28-1735664,58-190676-7183,+1-866-876-3112,1233356021,4.5,4.2,4.9,4.3,A,0,0,1,2011-05-01,2027-07-28,Electrical — EPC megaprojects,Citibank,JPMB9386556
00000000-0000-0000-0000-00030e6109ff,Gexpro Services,Gexpro Services,Irving,TX,USA,supplier,electrical,mep,cable,gexpro.com,VND-GS-195,procurement@gexpro.com,11-6143276,90-563209-9683,+1-212-773-8764,1612532859,4.5,4.4,4.1,4.4,A,0,0,1,2015-08-01,2027-12-28,Electrical — EPC megaprojects,Wells Fargo,JPMB2251456
00000000-0000-0000-0000-00016b72e4e9,Barsplice Products,Barsplice Products,Miamisburg,OH,USA,supplier,rebar,structural_steel,rebar,barsplice.com,VND-BP-196,procurement@barsplice.com,87-9149858,95-894159-7267,+1-594-327-4634,2739118800,4.4,4.4,5.0,4.5,A,0,0,1,2011-07-01,2027-04-28,Rebar — EPC megaprojects,Bank of America,JPMB1721480
00000000-0000-0000-0000-0000bc364b76,Stericycle Inc,Stericycle Inc,Bannockburn,IL,USA,subcontractor,safety_environment,site_overheads,service,stericycle.com,VND-SI-197,procurement@stericycle.com,25-2614687,78-296410-1194,+1-989-644-5099,1329266104,4.6,4.5,4.0,5.0,A,1,0,1,2019-05-01,2027-07-28,Safety Environment — EPC megaprojects,Deutsche Bank,JPMB8957116
00000000-0000-0000-0000-00016526de79,MWH Global,MWH Global,Broomfield,CO,USA,subcontractor,water_treatment,mep,service,mwhglobal.com,VND-MG-198,procurement@mwhglobal.com,89-9984707,22-201919-7917,+1-907-812-7550,1929963714,4.9,4.1,4.9,4.3,A,0,0,1,2008-04-01,2027-04-28,Water Treatment — EPC megaprojects,JPMorgan Chase,JPMB2639115
00000000-0000-0000-0000-000239f5626e,Outotec,Outotec,Espoo,USM,Finland,supplier,mining_equipment,equipment,equipment,outotec.com,VND-O-199,procurement@outotec.com,FI21462469151,19-845346-8822,+1-482-655-8859,2009844893,4.8,4.7,4.1,4.9,A,0,0,1,2017-01-01,2027-10-28,Mining Equipment — EPC megaprojects,Bank of America,JPMB2174021
